<powerpagecomponent powerpagecomponentid="9452a869-0a7d-f011-b4cb-6045bd5cc7a2">
  <content>{
  "value": "&lt;li&gt;\r\n    &lt;a href=\"#\" target=\"_blank\" rel=\"noopener\"&gt;\r\n        Coordonnées\r\n        &lt;span class=\"wb-inv\"&gt;Ce lien ouvrira dans une nouvelle fenêtre&lt;/span&gt;\r\n    &lt;/a&gt;\r\n&lt;/li&gt;\r\n&lt;li&gt;\r\n    &lt;a href=\"#\" target=\"_blank\" rel=\"noopener\"&gt;\r\n        Portal footer link 1\r\n        &lt;span class=\"wb-inv\"&gt;Ce lien ouvrira dans une nouvelle fenêtre&lt;/span&gt;\r\n    &lt;/a&gt;\r\n&lt;/li&gt;\r\n&lt;li&gt;\r\n    &lt;a href=\"#\" target=\"_blank\" rel=\"noopener\"&gt;\r\n        Portal footer link 2\r\n        &lt;span class=\"wb-inv\"&gt;Ce lien ouvrira dans une nouvelle fenêtre&lt;/span&gt;\r\n    &lt;/a&gt;\r\n&lt;/li&gt;\r\n&lt;li&gt;&lt;a href=\"#\" target=\"_blank\" rel=\"noopener\"&gt;\r\n        Portal footer link 3\r\n        &lt;span class=\"wb-inv\"&gt;Ce lien ouvrira dans une nouvelle fenêtre&lt;/span&gt;\r\n    &lt;/a&gt;\r\n&lt;/li&gt;",
  "display_name": "Application Template Footer Links in FR",
  "type": 756150001
}</content>
  <iscustomizable>1</iscustomizable>
  <name>GCWeb/App/Footer/Links</name>
  <powerpagecomponenttype>7</powerpagecomponenttype>
  <powerpagesiteid>
    <powerpagesiteid>0b1ed603-1b7e-4876-8ab0-511e0d5f07dc</powerpagesiteid>
  </powerpagesiteid>
  <powerpagesitelanguageid>
    <powerpagesitelanguageid>fba5eb7d-a87b-f011-b4cc-000d3ae86a1f</powerpagesitelanguageid>
  </powerpagesitelanguageid>
  <statecode>0</statecode>
  <statuscode>1</statuscode>
</powerpagecomponent>