<powerpagesites>
  <powerpagesite powerpagesiteid="0b1ed603-1b7e-4876-8ab0-511e0d5f07dc">
    <content>{
  "defaultlanguage": "479653ed-6561-4160-a081-e917bb73b148",
  "footerwebtemplateid": "5a1b78e5-b67b-f011-b4cc-000d3ae86a1f",
  "headerwebtemplateid": "98d7a66c-b27b-f011-b4cc-000d3ae86a1f",
  "website_language": 1033
}</content>
    <datamodelversion>2.0</datamodelversion>
    <iscustomizable>1</iscustomizable>
    <name>GCWeb Power Pages Template</name>
    <primarydomainname>rsp-dev-alfred2.powerappsportals.com</primarydomainname>
    <statecode>0</statecode>
    <statuscode>1</statuscode>
  </powerpagesite>
</powerpagesites>