<powerpagecomponent powerpagecomponentid="9be7902c-4d6e-4730-a507-ad95d4c4cb55">
  <content>{"enablerating":false,"enabletracking":false,"excludefromsearch":false,"hiddenfromsitemap":true,"isroot":true,"pagetemplateid":"77bfe4c7-2022-4951-8411-acaa4dd5029c","parentpageid":"1c52619f-39b2-415b-9f0d-56789f1802bf","partialurl":"profile","publishingstateid":"32d9e576-4b88-48c4-a562-23eb977dab0b","sharedpageconfiguration":false,"title":"Profile"}</content>
  <iscustomizable>1</iscustomizable>
  <name>Profile</name>
  <powerpagecomponenttype>2</powerpagecomponenttype>
  <powerpagesiteid>
    <powerpagesiteid>0b1ed603-1b7e-4876-8ab0-511e0d5f07dc</powerpagesiteid>
  </powerpagesiteid>
  <searchcontent>ProfileProfile</searchcontent>
  <statecode>0</statecode>
  <statuscode>1</statuscode>
</powerpagecomponent>