<powerpagecomponent powerpagecomponentid="ec781b90-a87b-f011-b4cc-000d3af38d32">
  <content>{"disablepagevalidation":false,"displayimageonly":false,"displayorder":1,"displaypagechildlinks":false,"openinnewwindow":false,"pageid":"9be7902c-4d6e-4730-a507-ad95d4c4cb55","publishingstateid":"32d9e576-4b88-48c4-a562-23eb977dab0b","robotsfollowlink":true,"weblinksetid":"d3781b90-a87b-f011-b4cc-000d3af38d32"}</content>
  <iscustomizable>1</iscustomizable>
  <name>Profile</name>
  <powerpagecomponenttype>5</powerpagecomponenttype>
  <powerpagesiteid>
    <powerpagesiteid>0b1ed603-1b7e-4876-8ab0-511e0d5f07dc</powerpagesiteid>
  </powerpagesiteid>
  <statecode>0</statecode>
  <statuscode>1</statuscode>
</powerpagecomponent>