<powerpagecomponent powerpagecomponentid="43791b90-a87b-f011-b4cc-000d3af38d32">
  <content>{
  "type": 756150000,
  "display_name": "Site name",
  "value": "Company name"
}</content>
  <iscustomizable>1</iscustomizable>
  <name>Site name</name>
  <powerpagecomponenttype>7</powerpagecomponenttype>
  <powerpagesiteid>
    <powerpagesiteid>0b1ed603-1b7e-4876-8ab0-511e0d5f07dc</powerpagesiteid>
  </powerpagesiteid>
  <powerpagesitelanguageid>
    <powerpagesitelanguageid>fba5eb7d-a87b-f011-b4cc-000d3ae86a1f</powerpagesitelanguageid>
  </powerpagesitelanguageid>
  <statecode>0</statecode>
  <statuscode>1</statuscode>
</powerpagecomponent>