<powerpagecomponent powerpagecomponentid="b8f16fa1-317d-f011-b4cb-000d3ae86fdc">
  <content>{
  "description": "canada.ca: https://www.canada.ca/etc/designs/canada/cdts/gcweb/\ncdts.service.canada.ca: https://cdts.service.canada.ca/app/cls/WET/gcweb/\ntemplates.service.gc.ca: https://templates.service.gc.ca/app/cls/WET/gcweb/",
  "value": "https://cdts.service.canada.ca/app/cls/WET/gcweb/",
  "source": 0
}</content>
  <iscustomizable>1</iscustomizable>
  <name>GCWeb/App/BaseURL</name>
  <powerpagecomponenttype>9</powerpagecomponenttype>
  <powerpagesiteid>
    <powerpagesiteid>0b1ed603-1b7e-4876-8ab0-511e0d5f07dc</powerpagesiteid>
  </powerpagesiteid>
  <statecode>0</statecode>
  <statuscode>1</statuscode>
</powerpagecomponent>