<powerpagecomponent powerpagecomponentid="b79aefc4-a5bf-4f1c-ae14-d772cc754c9a">
  <content>{"enablerating":false,"enabletracking":false,"excludefromsearch":true,"hiddenfromsitemap":true,"isroot":true,"pagetemplateid":"d5c8f150-8d7b-4946-acc3-fb7cf657f47a","parentpageid":"1c52619f-39b2-415b-9f0d-56789f1802bf","partialurl":"access-denied","publishingstateid":"32d9e576-4b88-48c4-a562-23eb977dab0b","sharedpageconfiguration":false}</content>
  <iscustomizable>1</iscustomizable>
  <name>Access Denied</name>
  <powerpagecomponenttype>2</powerpagecomponenttype>
  <powerpagesiteid>
    <powerpagesiteid>0b1ed603-1b7e-4876-8ab0-511e0d5f07dc</powerpagesiteid>
  </powerpagesiteid>
  <searchcontent>Access Denied</searchcontent>
  <statecode>0</statecode>
  <statuscode>1</statuscode>
</powerpagecomponent>