<powerpagecomponent powerpagecomponentid="77917b34-dc34-4a4e-8d75-8e300fcc12a0">
  <content>{"disablepagevalidation":false,"displayimageonly":false,"displayorder":1,"displaypagechildlinks":false,"openinnewwindow":false,"pageid":"9be7902c-4d6e-4730-a507-ad95d4c4cb55","publishingstateid":"32d9e576-4b88-48c4-a562-23eb977dab0b","robotsfollowlink":true,"weblinksetid":"d6b195f0-b5bc-48e2-b498-50d0c19844f9"}</content>
  <iscustomizable>1</iscustomizable>
  <name>Profile</name>
  <powerpagecomponenttype>5</powerpagecomponenttype>
  <powerpagesiteid>
    <powerpagesiteid>0b1ed603-1b7e-4876-8ab0-511e0d5f07dc</powerpagesiteid>
  </powerpagesiteid>
  <statecode>0</statecode>
  <statuscode>1</statuscode>
</powerpagecomponent>