<powerpagecomponent powerpagecomponentid="b53d9a0d-5b7d-f011-b4cb-000d3ae86fdc">
  <content>{"source":"&lt;section class=\"pagedetails container\"&gt;\r\n    &lt;h2 class=\"wb-inv\"&gt;Page details&lt;/h2&gt;\r\n    &lt;div class=\"row\"&gt;\r\n        &lt;div class=\"wb-share col-sm-4 col-md-3 col-sm-push-8 col-md-push-9\" \r\n                data-wb-share='{\"lnkClass\": \"btn btn-default btn-block\", \"pnlId\":\"pnlpages\", \"filter\": {{- settings[\"GCWeb/App/Footer/PageDetails/ShareFilter\"] -}} }'&gt;\r\n        &lt;/div&gt;\r\n        \r\n        &lt;div class=\"col-sm-6 col-md-5 col-lg-4 col-sm-pull-4 col-md-pull-3\"&gt;\r\n            &lt;dl id=\"wb-dtmd\"&gt;\r\n                &lt;dt&gt;Date modified: &lt;/dt&gt;\r\n                &lt;dd&gt;&lt;date property=\"dateModified\"&gt;{{ \"2025-08-19\" | date: \"yyyy-MM-dd\" }}&lt;/date&gt;&lt;/dd&gt;\r\n            &lt;/dl&gt;\r\n        &lt;/div&gt;\r\n    &lt;/div&gt;\r\n&lt;/section&gt;","mimetype":"text/html"}</content>
  <iscustomizable>1</iscustomizable>
  <name>GCWeb/App/Page/Details</name>
  <powerpagecomponenttype>8</powerpagecomponenttype>
  <powerpagesiteid>
    <powerpagesiteid>0b1ed603-1b7e-4876-8ab0-511e0d5f07dc</powerpagesiteid>
  </powerpagesiteid>
  <statecode>0</statecode>
  <statuscode>1</statuscode>
</powerpagecomponent>