<powerpagecomponent powerpagecomponentid="1b6c8214-7c0e-4fc1-b9c8-ec21669730d8">
  <content>{
  "description": "Denies use of the portal to minors without parental consent. By default, it is set to false.",
  "value": "false",
  "source": 0
}</content>
  <iscustomizable>1</iscustomizable>
  <name>Authentication/Registration/DenyMinorsWithoutParentalConsent</name>
  <powerpagecomponenttype>9</powerpagecomponenttype>
  <powerpagesiteid>
    <powerpagesiteid>0b1ed603-1b7e-4876-8ab0-511e0d5f07dc</powerpagesiteid>
  </powerpagesiteid>
  <statecode>0</statecode>
  <statuscode>1</statuscode>
</powerpagecomponent>