<powerpagesitelanguages>
  <powerpagesitelanguage powerpagesitelanguageid="479653ed-6561-4160-a081-e917bb73b148">
    <content>{
  "publishingstate": "32d9e576-4b88-48c4-a562-23eb977dab0b",
  "systemlanguage": 1033
}</content>
    <displayname>English</displayname>
    <iscustomizable>1</iscustomizable>
    <languagecode>en</languagecode>
    <lcid>1033</lcid>
    <name>English</name>
    <powerpagesiteid>
      <powerpagesiteid>0b1ed603-1b7e-4876-8ab0-511e0d5f07dc</powerpagesiteid>
    </powerpagesiteid>
    <statecode>0</statecode>
    <statuscode>1</statuscode>
  </powerpagesitelanguage>
  <powerpagesitelanguage powerpagesitelanguageid="fba5eb7d-a87b-f011-b4cc-000d3ae86a1f">
    <content>{
  "systemlanguage": 1036,
  "publishingstate": "32d9e576-4b88-48c4-a562-23eb977dab0b"
}</content>
    <displayname>Français</displayname>
    <iscustomizable>1</iscustomizable>
    <languagecode>fr</languagecode>
    <lcid>1036</lcid>
    <name>French</name>
    <powerpagesiteid>
      <powerpagesiteid>0b1ed603-1b7e-4876-8ab0-511e0d5f07dc</powerpagesiteid>
    </powerpagesiteid>
    <statecode>0</statecode>
    <statuscode>1</statuscode>
  </powerpagesitelanguage>
</powerpagesitelanguages>