<powerpagecomponent powerpagecomponentid="66e9c2c1-b27b-f011-b4cc-000d3ae86a1f">
  <content>{
  "value": "{%- include 'Website/Head/Bottom/Template' -%}",
  "type": 756150001
}</content>
  <iscustomizable>1</iscustomizable>
  <name>Head/Bottom</name>
  <powerpagecomponenttype>7</powerpagecomponenttype>
  <powerpagesiteid>
    <powerpagesiteid>0b1ed603-1b7e-4876-8ab0-511e0d5f07dc</powerpagesiteid>
  </powerpagesiteid>
  <powerpagesitelanguageid>
    <powerpagesitelanguageid>479653ed-6561-4160-a081-e917bb73b148</powerpagesitelanguageid>
  </powerpagesitelanguageid>
  <statecode>0</statecode>
  <statuscode>1</statuscode>
</powerpagecomponent>