<powerpagecomponent powerpagecomponentid="acbe1bb3-ad7b-f011-b4cc-000d3ae86a1f">
  <content>{
  "partialurl": "overview",
  "feedbackpolicy": 756150000,
  "excludefromsearch": false,
  "hiddenfromsitemap": false,
  "enablerating": false,
  "isroot": true,
  "sharedpageconfiguration": true,
  "publishingstateid": "32d9e576-4b88-48c4-a562-23eb977dab0b",
  "pagetemplateid": "f46e821f-5d7d-f011-b4cb-000d3ae86fdc",
  "parentpageid": "1c52619f-39b2-415b-9f0d-56789f1802bf",
  "isofflinecached": false
}</content>
  <iscustomizable>1</iscustomizable>
  <name>Overview</name>
  <powerpagecomponenttype>2</powerpagecomponenttype>
  <powerpagesiteid>
    <powerpagesiteid>0b1ed603-1b7e-4876-8ab0-511e0d5f07dc</powerpagesiteid>
  </powerpagesiteid>
  <searchcontent>Overview</searchcontent>
  <statecode>0</statecode>
  <statuscode>1</statuscode>
</powerpagecomponent>