<powerpagecomponent powerpagecomponentid="bf0ff71f-3dfa-4054-b8ef-be2730e58fb2">
  <content>{
  "description": "Used to group a set of entities under an entry in the record type facet view.",
  "value": "Downloads:annotation,adx_webfile",
  "source": 0
}</content>
  <iscustomizable>1</iscustomizable>
  <name>Search/RecordTypeFacetsEntities</name>
  <powerpagecomponenttype>9</powerpagecomponenttype>
  <powerpagesiteid>
    <powerpagesiteid>0b1ed603-1b7e-4876-8ab0-511e0d5f07dc</powerpagesiteid>
  </powerpagesiteid>
  <statecode>0</statecode>
  <statuscode>1</statuscode>
</powerpagecomponent>