<powerpagecomponent powerpagecomponentid="a410a564-0e7e-f011-b4cb-000d3ae86fdc">
  <content>{
  "source": "&lt;div class=\"throbber-overlay\" id=\"mainThrobber\"&gt;\r\n  &lt;div class=\"spinner\"&gt;&lt;/div&gt;\r\n  &lt;div class=\"flag-container\"&gt;&lt;/div&gt;\r\n&lt;/div&gt;\r\n\r\n&lt;script type=\"text/javascript\"&gt;\r\n    (function ($) {\r\n        $(window).on('load', function () {\r\n            // Hide the throbber overlay once the page is fully loaded\r\n            $('#mainThrobber').fadeOut('slow');\r\n        });\r\n    })(window.jQuery_3_7_1);\r\n&lt;/script&gt;",
  "mimetype": "text/html"
}</content>
  <iscustomizable>1</iscustomizable>
  <name>GCWeb/App/Throbber</name>
  <powerpagecomponenttype>8</powerpagecomponenttype>
  <powerpagesiteid>
    <powerpagesiteid>0b1ed603-1b7e-4876-8ab0-511e0d5f07dc</powerpagesiteid>
  </powerpagesiteid>
  <statecode>0</statecode>
  <statuscode>1</statuscode>
</powerpagecomponent>