<powerpagecomponent powerpagecomponentid="a5b3bc87-714f-4335-ad75-3f55eeed7b0a">
  <content>{"adx_webpageaccesscontrolrule_webrole":["40295f55-1a07-4f34-86d9-0787784c0c49"],"right":1,"webpageid":"1c52619f-39b2-415b-9f0d-56789f1802bf"}</content>
  <iscustomizable>1</iscustomizable>
  <name>Grant Change to Administrators</name>
  <powerpagecomponenttype>10</powerpagecomponenttype>
  <powerpagesiteid>
    <powerpagesiteid>0b1ed603-1b7e-4876-8ab0-511e0d5f07dc</powerpagesiteid>
  </powerpagesiteid>
  <statecode>0</statecode>
  <statuscode>1</statuscode>
</powerpagecomponent>