<powerpagecomponent powerpagecomponentid="7d0015fd-ecd8-4446-bbd4-40009d738afe">
  <content>{
  "description": "Determines if faceted search is used for this portal.",
  "value": "True",
  "source": 0
}</content>
  <iscustomizable>1</iscustomizable>
  <name>Search/FacetedView</name>
  <powerpagecomponenttype>9</powerpagecomponenttype>
  <powerpagesiteid>
    <powerpagesiteid>0b1ed603-1b7e-4876-8ab0-511e0d5f07dc</powerpagesiteid>
  </powerpagesiteid>
  <statecode>0</statecode>
  <statuscode>1</statuscode>
</powerpagecomponent>