<powerpagecomponent powerpagecomponentid="f9ad32bf-42f8-453f-a11d-7998bb0392c8">
  <content>{
  "filecontent": null,
  "description": "Enables or disables Azure AD as an external identity provider. By default, it is set to true.",
  "value": "false",
  "source": 0
}</content>
  <iscustomizable>1</iscustomizable>
  <name>Authentication/Registration/AzureADLoginEnabled</name>
  <powerpagecomponenttype>9</powerpagecomponenttype>
  <powerpagesiteid>
    <powerpagesiteid>0b1ed603-1b7e-4876-8ab0-511e0d5f07dc</powerpagesiteid>
  </powerpagesiteid>
  <statecode>0</statecode>
  <statuscode>1</statuscode>
</powerpagecomponent>