<powerpagecomponent powerpagecomponentid="dc30b07b-5a7d-f011-b4cb-000d3ae86fdc">
  <content>{"mimetype":"text/html","source":"&lt;main id=\"mainContent\" class=\"grid-container wrapper-body\" property=\"mainContentOfPage\" typeof=\"WebPageElement\"&gt;\r\n  {% assign ThrobberEnabled = settings['GCWeb/App/ThrobberEnabled'] | boolean | default:false %}\r\n  {% if ThrobberEnabled %}\r\n    {% include 'GCWeb/App/Throbber' %}\r\n  {% endif %}\r\n  {%- include 'GCWeb/App/Page/Title' -%}\r\n  &lt;div class=\"page-copy container\"&gt;\r\n    {% editable page 'adx_copy' type: 'html', liquid: true %}\r\n  &lt;/div&gt;\r\n  {%- assign PageDetailsEnabled = settings['GCWeb/App/Footer/PageDetailsEnabled'] | boolean | default:false -%}\r\n  {%- if PageDetailsEnabled -%}\r\n    {% include 'GCWeb/App/Page/Details' %}\r\n  {%- endif -%}\r\n&lt;/main&gt;"}</content>
  <iscustomizable>1</iscustomizable>
  <name>GCWeb/App/Page/Default</name>
  <powerpagecomponenttype>8</powerpagecomponenttype>
  <powerpagesiteid>
    <powerpagesiteid>0b1ed603-1b7e-4876-8ab0-511e0d5f07dc</powerpagesiteid>
  </powerpagesiteid>
  <statecode>0</statecode>
  <statuscode>1</statuscode>
</powerpagecomponent>