<powerpagecomponent powerpagecomponentid="9323f803-0b7e-f011-b4cb-000d3ae86fdc">
  <content>{
  "value": "Fermer la session",
  "display_name": "Sign Out Text in FR",
  "type": 756150000
}</content>
  <iscustomizable>1</iscustomizable>
  <name>GCWeb/App/SignOutText</name>
  <powerpagecomponenttype>7</powerpagecomponenttype>
  <powerpagesiteid>
    <powerpagesiteid>0b1ed603-1b7e-4876-8ab0-511e0d5f07dc</powerpagesiteid>
  </powerpagesiteid>
  <powerpagesitelanguageid>
    <powerpagesitelanguageid>fba5eb7d-a87b-f011-b4cc-000d3ae86a1f</powerpagesitelanguageid>
  </powerpagesitelanguageid>
  <statecode>0</statecode>
  <statuscode>1</statuscode>
</powerpagecomponent>