<powerpagecomponent powerpagecomponentid="daf1904f-5928-4455-8a3d-6646aeb8a57d">
  <content>{"source":"{% assign current_page = current_page | default: 1 %}\r\n{% assign page_size = page_size | default: 10 %}\r\n{% assign total = total | default: 0 %}\r\n{% assign limit = 5 %}\r\n\r\n{% assign total_pages_remainder = total | modulo: page_size %}\r\n{% if total_pages_remainder &gt; 0 %}\r\n  {% assign total_pages = total | divided_by: page_size | plus: 1 %}\r\n{% else %}\r\n  {% assign total_pages = total | divided_by: page_size %}\r\n{% endif %}\r\n\r\n{% if total_pages &gt; 1 %}\r\n  {% assign prev_page = current_page | minus: 1 %}\r\n  {% assign next_page = current_page | plus: 1 %}\r\n\r\n  {% assign start_page = 0 %}\r\n  {% assign offset = limit | divided_by: 2 %}\r\n  {% assign page_offset = current_page | minus: 1 %}\r\n  {% if page_offset &gt; offset %}\r\n    {% assign start_page = current_page | minus: offset | minus: 1 %}\r\n  {% endif %}\r\n\r\n&lt;ul class=\"pagination\"&gt;\r\n    {% if current_page == 1 %}\r\n    &lt;li class=\"page-item disabled\"&gt;&lt;a class=\"page-link\" href=\"{{ request.url | add_query: 'page', '1' | path_and_query | escape }}\"&gt;&amp;laquo;&lt;/a&gt;&lt;/li&gt;\r\n    &lt;li class=\"page-item disabled\"&gt;&lt;a class=\"page-link\" href=\"{{ request.url | add_query: 'page', prev_page | path_and_query | escape }}\"&gt;&amp;lsaquo;&lt;/a&gt;&lt;/li&gt;\r\n    {% else %}\r\n    &lt;li class=\"page-item\"&gt;&lt;a class=\"page-link\" href=\"{{ request.url | add_query: 'page', '1' | path_and_query | escape }}\"&gt;&amp;laquo;&lt;/a&gt;&lt;/li&gt;\r\n    &lt;li class=\"page-item\"&gt;&lt;a class=\"page-link\" href=\"{{ request.url | add_query: 'page', prev_page | path_and_query | escape }}\"&gt;&amp;lsaquo;&lt;/a&gt;&lt;/li&gt;\r\n    {% endif %}\r\n\r\n    {% for page in (1..total_pages) offset: start_page limit: limit %}\r\n    &lt;li{% if page == current_page %} class=\"active\"{% endif %}&gt;\r\n        &lt;a class=\"page-link\" href=\"{{ request.url | add_query:'page', page | path_and_query | escape }}\"&gt; {{ page }}&lt;/a&gt;\r\n        &lt;/li&gt;\r\n        {% endfor -%}\r\n\r\n        {% if current_page == total_pages %}\r\n        &lt;li class=\"page-item disabled\"&gt;&lt;a class=\"page-link\" href=\"#\" aria-label=\"Next\"&gt;&amp;rsaquo;&lt;/a&gt;&lt;/li&gt;\r\n        &lt;li class=\"page-item disabled\"&gt;&lt;a class=\"page-link\" href=\"#\" aria-label=\"Last\"&gt;&amp;raquo;&lt;/a&gt;&lt;/li&gt;\r\n        {% else %}\r\n        &lt;li class=\"page-item\"&gt;&lt;a class=\"page-link\" href=\"{{ request.url | add_query: 'page', next_page | path_and_query | escape }}\"&gt;&amp;rsaquo;&lt;/a&gt;&lt;/li&gt;\r\n        &lt;li class=\"page-item\"&gt;&lt;a class=\"page-link\" href=\"{{ request.url | add_query: 'page', total_pages | path_and_query | escape }}\"&gt;&amp;raquo;&lt;/a&gt;&lt;/li&gt;\r\n        {% endif %}\r\n&lt;/ul&gt;\r\n{% endif %}"}</content>
  <iscustomizable>1</iscustomizable>
  <name>Pagination</name>
  <powerpagecomponenttype>8</powerpagecomponenttype>
  <powerpagesiteid>
    <powerpagesiteid>0b1ed603-1b7e-4876-8ab0-511e0d5f07dc</powerpagesiteid>
  </powerpagesiteid>
  <statecode>0</statecode>
  <statuscode>1</statuscode>
</powerpagecomponent>