<powerpagecomponent powerpagecomponentid="8b4cb203-4158-4070-88ea-1e439524f2f7">
  <content>{"display_name":"Header/Toggle Navigation","type":756150001,"value":"Toggle navigation"}</content>
  <iscustomizable>1</iscustomizable>
  <name>Header/Toggle Navigation</name>
  <powerpagecomponenttype>7</powerpagecomponenttype>
  <powerpagesiteid>
    <powerpagesiteid>0b1ed603-1b7e-4876-8ab0-511e0d5f07dc</powerpagesiteid>
  </powerpagesiteid>
  <powerpagesitelanguageid>
    <powerpagesitelanguageid>479653ed-6561-4160-a081-e917bb73b148</powerpagesitelanguageid>
  </powerpagesitelanguageid>
  <statecode>0</statecode>
  <statuscode>1</statuscode>
</powerpagecomponent>