<powerpagecomponent powerpagecomponentid="508072a1-0c7d-f011-b4cb-6045bd5cc7a2">
  <content>{
  "display_name": "Application Template Sub Footer Links in EN",
  "value": "&lt;li&gt;\n\t&lt;a href=\"https://www.canada.ca/en/transparency/terms.html\" target=\"_blank\" rel=\"noopener\"&gt;\n\t\tTerms and conditions\n\t\t&lt;span class=\"wb-inv\"&gt;This link will open in a new window&lt;/span&gt;\n\t&lt;/a&gt;\n&lt;/li&gt;\n&lt;li&gt;\n\t&lt;a href=\"https://www.canada.ca/en/transparency/privacy.html\" target=\"_blank\" rel=\"noopener\"&gt;\n\t\tPrivacy\n\t\t&lt;span class=\"wb-inv\"&gt;This link will open in a new window&lt;/span&gt;\n\t&lt;/a&gt;\n&lt;/li&gt;",
  "type": 756150001
}</content>
  <iscustomizable>1</iscustomizable>
  <name>GCWeb/App/Footer/Sublinks</name>
  <powerpagecomponenttype>7</powerpagecomponenttype>
  <powerpagesiteid>
    <powerpagesiteid>0b1ed603-1b7e-4876-8ab0-511e0d5f07dc</powerpagesiteid>
  </powerpagesiteid>
  <powerpagesitelanguageid>
    <powerpagesitelanguageid>479653ed-6561-4160-a081-e917bb73b148</powerpagesitelanguageid>
  </powerpagesitelanguageid>
  <statecode>0</statecode>
  <statuscode>1</statuscode>
</powerpagecomponent>