<powerpagecomponent powerpagecomponentid="3718e1cd-b27b-f011-b4cc-000d3ae86a1f">
  <content>{
  "value": "{%- include 'Website/Head/Bottom/Template' -%}",
  "type": 756150001
}</content>
  <iscustomizable>1</iscustomizable>
  <name>Head/Bottom</name>
  <powerpagecomponenttype>7</powerpagecomponenttype>
  <powerpagesiteid>
    <powerpagesiteid>0b1ed603-1b7e-4876-8ab0-511e0d5f07dc</powerpagesiteid>
  </powerpagesiteid>
  <powerpagesitelanguageid>
    <powerpagesitelanguageid>fba5eb7d-a87b-f011-b4cc-000d3ae86a1f</powerpagesitelanguageid>
  </powerpagesitelanguageid>
  <statecode>0</statecode>
  <statuscode>1</statuscode>
</powerpagecomponent>