<powerpagecomponent powerpagecomponentid="67802ee8-6baa-401d-9b80-b41425eb8011">
  <content>{"enabletracking":false,"excludefromsearch":false,"hiddenfromsitemap":false,"parentpageid":"1c52619f-39b2-415b-9f0d-56789f1802bf","partialurl":"Logo-sm-64.png","publishingstateid":"32d9e576-4b88-48c4-a562-23eb977dab0b"}</content>
  <filecontent mimetype="application/octet-stream">Logo-sm-64.png</filecontent>
  <iscustomizable>1</iscustomizable>
  <name>Logo-sm-64.png</name>
  <powerpagecomponenttype>3</powerpagecomponenttype>
  <powerpagesiteid>
    <powerpagesiteid>0b1ed603-1b7e-4876-8ab0-511e0d5f07dc</powerpagesiteid>
  </powerpagesiteid>
  <statecode>0</statecode>
  <statuscode>1</statuscode>
</powerpagecomponent>