<powerpagecomponent powerpagecomponentid="edc1b996-3a86-4971-a8e7-ec997ca00698">
  <content>{
  "description": "Set whether the footer web template is output cached.",
  "value": "True",
  "source": 0
}</content>
  <iscustomizable>1</iscustomizable>
  <name>Footer/OutputCache/Enabled</name>
  <powerpagecomponenttype>9</powerpagecomponenttype>
  <powerpagesiteid>
    <powerpagesiteid>0b1ed603-1b7e-4876-8ab0-511e0d5f07dc</powerpagesiteid>
  </powerpagesiteid>
  <statecode>0</statecode>
  <statuscode>1</statuscode>
</powerpagecomponent>