<powerpagecomponent powerpagecomponentid="3f3195e9-ff8d-4ebc-9b3e-f293979da952">
  <content>{"displayorder":1,"enabletracking":false,"excludefromsearch":true,"hiddenfromsitemap":true,"parentpageid":"1c52619f-39b2-415b-9f0d-56789f1802bf","partialurl":"bootstrap.min.css","publishingstateid":"32d9e576-4b88-48c4-a562-23eb977dab0b"}</content>
  <filecontent mimetype="application/octet-stream">bootstrap.min.css</filecontent>
  <iscustomizable>1</iscustomizable>
  <name>bootstrap.min.css</name>
  <powerpagecomponenttype>3</powerpagecomponenttype>
  <powerpagesiteid>
    <powerpagesiteid>0b1ed603-1b7e-4876-8ab0-511e0d5f07dc</powerpagesiteid>
  </powerpagesiteid>
  <statecode>0</statecode>
  <statuscode>1</statuscode>
</powerpagecomponent>