<powerpagecomponent powerpagecomponentid="cbf730cf-734f-4819-9d55-331c96920cba">
  <content>{
  "description": "Setting controls whether attachments will be displayed on Knowledge articles",
  "value": "false",
  "source": 0
}</content>
  <iscustomizable>1</iscustomizable>
  <name>KnowledgeManagement/DisplayNotes</name>
  <powerpagecomponenttype>9</powerpagecomponenttype>
  <powerpagesiteid>
    <powerpagesiteid>0b1ed603-1b7e-4876-8ab0-511e0d5f07dc</powerpagesiteid>
  </powerpagesiteid>
  <statecode>0</statecode>
  <statuscode>1</statuscode>
</powerpagecomponent>