<powerpagecomponent powerpagecomponentid="cf781b90-a87b-f011-b4cc-000d3af38d32">
  <content>{"enablerating":false,"enabletracking":false,"excludefromsearch":false,"hiddenfromsitemap":true,"isroot":false,"pagetemplateid":"dc604aad-7e11-44ca-8a0b-0c6bcb496eff","parentpageid":"1c52619f-39b2-415b-9f0d-56789f1802bf","partialurl":"search","publishingstateid":"32d9e576-4b88-48c4-a562-23eb977dab0b","rootwebpageid":"daec83d2-69ab-4a80-a5ee-75fce9d715ba","sharedpageconfiguration":false,"feedbackpolicy":756150000,"title":"Rechercher","customcss":"    .search-container {\r\n    max-width: 1200px;\r\n    margin: 0 auto;\r\n}\r\n\r\n.search-header {\r\n    background: #f8f9fa;\r\n    border: 1px solid #dee2e6;\r\n    border-radius: 8px;\r\n    padding: 2rem;\r\n    margin-bottom: 2rem;\r\n    color: #212529;\r\n    box-shadow: 0 2px 8px rgba(0, 0, 0, 0.1);\r\n}\r\n\r\n.search-query {\r\n    font-size: 1.75rem;\r\n    font-weight: 600;\r\n    margin-bottom: 0.5rem;\r\n    color: #212529;\r\n}\r\n\r\n.result-count {\r\n    font-size: 1.5rem;\r\n    margin: 0;\r\n    color: #6c757d;\r\n    font-weight: 400;\r\n}\r\n\r\n.search-results {\r\n    list-style: none;\r\n    padding: 0;\r\n    margin: 0;\r\n}\r\n\r\n.search-result-item {\r\n    background: white;\r\n    border-radius: 12px;\r\n    padding: 1.75rem;\r\n    margin-bottom: 1.5rem;\r\n    box-shadow: 0 4px 20px rgba(0, 0, 0, 0.08);\r\n    transition: all 0.3s cubic-bezier(0.4, 0, 0.2, 1);\r\n    border: 1px solid rgba(0, 0, 0, 0.05);\r\n    position: relative;\r\n    overflow: hidden;\r\n}\r\n\r\n.search-result-item::before {\r\n    content: '';\r\n    position: absolute;\r\n    top: 0;\r\n    left: 0;\r\n    width: 4px;\r\n    height: 100%;\r\n    background: #007cba;\r\n    transform: scaleY(0);\r\n    transition: transform 0.3s ease;\r\n}\r\n\r\n.search-result-item:hover {\r\n    transform: translateY(-2px);\r\n    box-shadow: 0 8px 40px rgba(0, 0, 0, 0.12);\r\n}\r\n\r\n.search-result-item:hover::before {\r\n    transform: scaleY(1);\r\n}\r\n\r\n.result-title {\r\n    margin: 0 0 0.75rem 0;\r\n    font-size: 1.375rem;\r\n    font-weight: 600;\r\n    line-height: 1.4;\r\n}\r\n\r\n.result-link {\r\n    color: #284162;\r\n    text-decoration: underline;\r\n    transition: color 0.2s ease;\r\n    display: block;\r\n    position: relative;\r\n}\r\n\r\n.result-link:hover {\r\n    color: #007cba;\r\n    text-decoration: underline;\r\n}\r\n\r\n.result-link:focus {\r\n    outline: 3px solid #007cba;\r\n    outline-offset: 2px;\r\n    border-radius: 4px;\r\n}\r\n\r\n.fragment {\r\n    color: #495057;\r\n    font-size: 1.2rem;\r\n    line-height: 1.6;\r\n    margin: 0;\r\n    display: -webkit-box;\r\n    -webkit-line-clamp: 3;\r\n    -webkit-box-orient: vertical;\r\n    overflow: hidden;\r\n}\r\n\r\n.no-results-container {\r\n    text-align: center;\r\n    padding: 4rem 2rem;\r\n    background: white;\r\n    border-radius: 16px;\r\n    box-shadow: 0 4px 20px rgba(0, 0, 0, 0.08);\r\n}\r\n\r\n.no-results-icon {\r\n    font-size: 4rem;\r\n    margin-bottom: 1.5rem;\r\n    opacity: 0.5;\r\n}\r\n\r\n.no-results-title {\r\n    color: #212529;\r\n    font-size: 1.5rem;\r\n    font-weight: 600;\r\n    margin-bottom: 0.5rem;\r\n}\r\n\r\n.no-results-message {\r\n    color: #495057;\r\n    font-size: 1rem;\r\n    margin-bottom: 2rem;\r\n}\r\n\r\n.pagination-container {\r\n    margin-top: 3rem;\r\n    padding-top: 2rem;\r\n    border-top: 1px solid #e5e7eb;\r\n}\r\n\r\n/* Responsive design */\r\n@media (max-width: 768px) {\r\n    .search-container {\r\n    padding: 1rem;\r\n    }\r\n    \r\n    .search-header {\r\n    padding: 1.5rem;\r\n    margin-bottom: 1.5rem;\r\n    }\r\n    \r\n    .search-query {\r\n    font-size: 1.25rem;\r\n    }\r\n    \r\n    .search-result-item {\r\n    padding: 1.25rem;\r\n    margin-bottom: 1rem;\r\n    }\r\n    \r\n    .result-title {\r\n    font-size: 1.1rem;\r\n    }\r\n}\r\n\r\n/* Loading animation for future enhancement */\r\n@keyframes pulse {\r\n    0%, 100% { opacity: 1; }\r\n    50% { opacity: 0.5; }\r\n}\r\n\r\n.loading .search-result-item {\r\n    animation: pulse 2s cubic-bezier(0.4, 0, 0.6, 1) infinite;\r\n}"}</content>
  <iscustomizable>1</iscustomizable>
  <name>Rechercher</name>
  <powerpagecomponenttype>2</powerpagecomponenttype>
  <powerpagesiteid>
    <powerpagesiteid>0b1ed603-1b7e-4876-8ab0-511e0d5f07dc</powerpagesiteid>
  </powerpagesiteid>
  <powerpagesitelanguageid>
    <powerpagesitelanguageid>fba5eb7d-a87b-f011-b4cc-000d3ae86a1f</powerpagesitelanguageid>
  </powerpagesitelanguageid>
  <searchcontent>RechercherRechercher</searchcontent>
  <statecode>0</statecode>
  <statuscode>1</statuscode>
</powerpagecomponent>