<powerpagecomponent powerpagecomponentid="1c52619f-39b2-415b-9f0d-56789f1802bf">
  <content>{
  "displayorder": 1,
  "enablerating": false,
  "enabletracking": false,
  "excludefromsearch": false,
  "feedbackpolicy": 756150005,
  "hiddenfromsitemap": false,
  "isroot": true,
  "pagetemplateid": "f46e821f-5d7d-f011-b4cb-000d3ae86fdc",
  "partialurl": "/",
  "publishingstateid": "32d9e576-4b88-48c4-a562-23eb977dab0b",
  "sharedpageconfiguration": false,
  "title": "Home"
}</content>
  <iscustomizable>1</iscustomizable>
  <name>Home</name>
  <powerpagecomponenttype>2</powerpagecomponenttype>
  <powerpagesiteid>
    <powerpagesiteid>0b1ed603-1b7e-4876-8ab0-511e0d5f07dc</powerpagesiteid>
  </powerpagesiteid>
  <searchcontent>HomeHome</searchcontent>
  <statecode>0</statecode>
  <statuscode>1</statuscode>
</powerpagecomponent>