<powerpagecomponent powerpagecomponentid="3c1c2f15-0a7d-f011-b4cb-6045bd5cc7a2">
  <content>{
  "display_name": "Application Template Footer Links in EN",
  "value": "&lt;li&gt;\n    &lt;a href=\"#\" target=\"_blank\" rel=\"noopener\"&gt;\n        Contact information\n        &lt;span class=\"wb-inv\"&gt;This link will open in a new window&lt;/span&gt;\n    &lt;/a&gt;\n&lt;/li&gt;\n&lt;li&gt;\n    &lt;a href=\"#\" target=\"_blank\" rel=\"noopener\"&gt;\n        Portal footer link 1\n        &lt;span class=\"wb-inv\"&gt;This link will open in a new window&lt;/span&gt;\n    &lt;/a&gt;\n&lt;/li&gt;\n&lt;li&gt;\n    &lt;a href=\"#\" target=\"_blank\" rel=\"noopener\"&gt;\n        Portal footer link 2\n        &lt;span class=\"wb-inv\"&gt;This link will open in a new window&lt;/span&gt;\n    &lt;/a&gt;\n&lt;/li&gt;\n&lt;li&gt;&lt;a href=\"#\" target=\"_blank\" rel=\"noopener\"&gt;\n        Portal footer link 3\n        &lt;span class=\"wb-inv\"&gt;This link will open in a new window&lt;/span&gt;\n    &lt;/a&gt;\n&lt;/li&gt;",
  "type": 756150001
}</content>
  <iscustomizable>1</iscustomizable>
  <name>GCWeb/App/Footer/Links</name>
  <powerpagecomponenttype>7</powerpagecomponenttype>
  <powerpagesiteid>
    <powerpagesiteid>0b1ed603-1b7e-4876-8ab0-511e0d5f07dc</powerpagesiteid>
  </powerpagesiteid>
  <powerpagesitelanguageid>
    <powerpagesitelanguageid>479653ed-6561-4160-a081-e917bb73b148</powerpagesitelanguageid>
  </powerpagesitelanguageid>
  <statecode>0</statecode>
  <statuscode>1</statuscode>
</powerpagecomponent>