<powerpagecomponent powerpagecomponentid="c704ef2e-c27b-f011-b4cc-000d3ae86a1f">
  <content>{
  "displayimageonly": false,
  "displaypagechildlinks": false,
  "disablepagevalidation": false,
  "openinnewwindow": false,
  "robotsfollowlink": true,
  "parentweblinkid": "dbc8d616-c27b-f011-b4cc-000d3ae86a1f",
  "publishingstateid": "32d9e576-4b88-48c4-a562-23eb977dab0b",
  "weblinksetid": "914fde0d-8eb5-481e-a570-d6ede9b90fab",
  "displayorder": 5
}</content>
  <iscustomizable>1</iscustomizable>
  <name>Subsection 1</name>
  <powerpagecomponenttype>5</powerpagecomponenttype>
  <powerpagesiteid>
    <powerpagesiteid>0b1ed603-1b7e-4876-8ab0-511e0d5f07dc</powerpagesiteid>
  </powerpagesiteid>
  <statecode>0</statecode>
  <statuscode>1</statuscode>
</powerpagecomponent>