<powerpagecomponent powerpagecomponentid="37939e3f-d57d-f011-b4cb-000d3ae86fdc">
  <content>{
  "value": "[\"email\", \"facebook\", \"gmail\", \"linkedin\", \"pinterest\", \"reddit\", \"twitter\", \"yahoomail\"]",
  "description": "Copy and modify these options in the value:\n[\"blogger\", \"bluesky\", \"diigo\", \"email\", \"facebook\", \"gmail\", \"linkedin\", \"myspace\", \"pinterest\", \"reddit\", \"tinyurl\", \"tumblr\", \"twitter\", \"whatsapp\", \"yahoomail\"]",
  "source": 0
}</content>
  <iscustomizable>1</iscustomizable>
  <name>GCWeb/App/Footer/PageDetails/ShareFilter</name>
  <powerpagecomponenttype>9</powerpagecomponenttype>
  <powerpagesiteid>
    <powerpagesiteid>0b1ed603-1b7e-4876-8ab0-511e0d5f07dc</powerpagesiteid>
  </powerpagesiteid>
  <statecode>0</statecode>
  <statuscode>1</statuscode>
</powerpagecomponent>