<powerpagecomponent powerpagecomponentid="f46e821f-5d7d-f011-b4cb-000d3ae86fdc">
  <content>{
  "entityname": "mspp_website",
  "isdefault": false,
  "usewebsiteheaderandfooter": true,
  "type": 756150001,
  "webtemplateid": "dc30b07b-5a7d-f011-b4cb-000d3ae86fdc"
}</content>
  <iscustomizable>1</iscustomizable>
  <name>GCWeb/App/Page/Default</name>
  <powerpagecomponenttype>6</powerpagecomponenttype>
  <powerpagesiteid>
    <powerpagesiteid>0b1ed603-1b7e-4876-8ab0-511e0d5f07dc</powerpagesiteid>
  </powerpagesiteid>
  <statecode>0</statecode>
  <statuscode>1</statuscode>
</powerpagecomponent>