<powerpagecomponent powerpagecomponentid="d703b495-0b7d-f011-b4cb-6045bd5cc7a2">
  <content>{
  "value": "Nom de l'application",
  "display_name": "Application Name in FR",
  "type": 756150000
}</content>
  <iscustomizable>1</iscustomizable>
  <name>GCWeb/App/Name</name>
  <powerpagecomponenttype>7</powerpagecomponenttype>
  <powerpagesiteid>
    <powerpagesiteid>0b1ed603-1b7e-4876-8ab0-511e0d5f07dc</powerpagesiteid>
  </powerpagesiteid>
  <powerpagesitelanguageid>
    <powerpagesitelanguageid>fba5eb7d-a87b-f011-b4cc-000d3ae86a1f</powerpagesitelanguageid>
  </powerpagesitelanguageid>
  <statecode>0</statecode>
  <statuscode>1</statuscode>
</powerpagecomponent>