<powerpagecomponent powerpagecomponentid="dc604aad-7e11-44ca-8a0b-0c6bcb496eff">
  <content>{
  "entityname": "mspp_webtemplate",
  "isdefault": false,
  "rewriteurl": "~/Pages/Search.aspx",
  "usewebsiteheaderandfooter": true,
  "webtemplateid": "a37d3176-d97e-f011-b4cb-000d3ae86fdc",
  "type": 756150001
}</content>
  <iscustomizable>1</iscustomizable>
  <name>Search</name>
  <powerpagecomponenttype>6</powerpagecomponenttype>
  <powerpagesiteid>
    <powerpagesiteid>0b1ed603-1b7e-4876-8ab0-511e0d5f07dc</powerpagesiteid>
  </powerpagesiteid>
  <statecode>0</statecode>
  <statuscode>1</statuscode>
</powerpagecomponent>