<powerpagecomponent powerpagecomponentid="8fce55fc-c477-42dd-9523-dfa7338fa27d">
  <content>{
  "filecontent": null,
  "display_name": "Mobile Header",
  "type": 756150001,
  "value": "&lt;a href=\"~/\"&gt;{% if snippets['Logo URL'] %}&lt;img src=\"{{ snippets['Logo URL'] }}\" alt=\"{{ snippets['Logo alt text'] }}\" style=\"width: auto; height: 32px; margin: 0 10px;\"&gt;{% endif %}\n  {% if snippets['Site name'] %}&lt;h1 class=\"siteTitle custom-sitetitle\"&gt;{{ snippets['Site name'] }}&lt;/h1&gt;{% endif %}\n&lt;/a&gt;"
}</content>
  <iscustomizable>1</iscustomizable>
  <name>Mobile Header</name>
  <powerpagecomponenttype>7</powerpagecomponenttype>
  <powerpagesiteid>
    <powerpagesiteid>0b1ed603-1b7e-4876-8ab0-511e0d5f07dc</powerpagesiteid>
  </powerpagesiteid>
  <powerpagesitelanguageid>
    <powerpagesitelanguageid>479653ed-6561-4160-a081-e917bb73b148</powerpagesitelanguageid>
  </powerpagesitelanguageid>
  <statecode>0</statecode>
  <statuscode>1</statuscode>
</powerpagecomponent>