<powerpagecomponent powerpagecomponentid="5a1b78e5-b67b-f011-b4cc-000d3ae86a1f">
  <content>{"mimetype":"text/html","source":"{%- assign cdtsVersion = settings['GCWeb/App/Version'] | default:\"v5_0_4\"-%}\r\n{%- assign cdtsTemplatesUrl = settings['GCWeb/App/BaseURL'] | default:\"https://www.canada.ca/etc/designs/canada/cdts/gcweb/\" -%}\r\n\r\n&lt;footer role=\"contentinfo\" id=\"wb-info\" class=\"visible-sm visible-md visible-lg wb-navcurr\"&gt;\r\n    {% assign gcContextual = settings['GCWeb/App/Footer/ContextualEnabled'] | boolean | default:false %}\r\n    {% if gcContextual %}\r\n    &lt;div class=\"gc-contextual\"&gt;\r\n        &lt;div class=\"container\"&gt;\r\n            &lt;nav aria-labelledby=\"cdts-appFooterLinks\"&gt;\r\n                &lt;h2 class=\"wb-inv\" id=\"cdts-appFooterLinks\"&gt;Related links&lt;/h2&gt;\r\n                &lt;h3&gt;{{- snippets['GCWeb/App/Footer/Title'] -}}&lt;/h3&gt;\r\n                &lt;ul class=\"list-col-xs-1 list-col-sm-2 list-col-md-3\"&gt;\r\n                    {{- snippets['GCWeb/App/Footer/Links'] -}}\r\n                &lt;/ul&gt;\r\n            &lt;/nav&gt;\r\n        &lt;/div&gt;\r\n    &lt;/div&gt;\r\n    {% endif %}\r\n    &lt;div class=\"gc-sub-footer\"&gt;\r\n        &lt;div class=\"container d-flex align-items-center\"&gt;\r\n            &lt;nav aria-labelledby=\"aboutWebApp\"&gt;\r\n                &lt;h3 class=\"wb-inv\" id=\"aboutWebApp\"&gt;Government of Canada Corporate&lt;/h3&gt;\r\n                &lt;ul&gt;\r\n                    {{- snippets['GCWeb/App/Footer/Sublinks'] -}}\r\n                &lt;/ul&gt;\r\n            &lt;/nav&gt;\r\n            &lt;div class=\"col-xs-6 visible-sm visible-xs tofpg\"&gt;\r\n                &lt;a id=\"tphp\" href=\"#wb-cont\"&gt;Top of Page&lt;span class=\"glyphicon glyphicon-chevron-up\"&gt;&lt;/span&gt;&lt;/a&gt;\r\n            &lt;/div&gt;\r\n            &lt;div class=\"wtrmrk align-self-end\"&gt;\r\n                &lt;img src=\"{{- cdtsTemplatesUrl -}}{{- cdtsVersion -}}/wet-boew/assets/wmms-blk.svg\"\r\n                    alt=\"Symbol of the Government of Canada\"&gt;\r\n            &lt;/div&gt;\r\n        &lt;/div&gt;\r\n    &lt;/div&gt;\r\n&lt;/footer&gt;\r\n\r\n&lt;script src=\"{{- cdtsTemplatesUrl -}}{{- cdtsVersion -}}/wet-boew/js/jquery/2.2.4/jquery.min.js\"&gt;&lt;/script&gt;\r\n&lt;script src=\"{{- cdtsTemplatesUrl -}}{{- cdtsVersion -}}/wet-boew/js/wet-boew.min.js\"&gt;&lt;/script&gt;"}</content>
  <iscustomizable>1</iscustomizable>
  <name>GCWeb/App/Footer</name>
  <powerpagecomponenttype>8</powerpagecomponenttype>
  <powerpagesiteid>
    <powerpagesiteid>0b1ed603-1b7e-4876-8ab0-511e0d5f07dc</powerpagesiteid>
  </powerpagesiteid>
  <statecode>0</statecode>
  <statuscode>1</statuscode>
</powerpagecomponent>