<powerpagecomponent powerpagecomponentid="e0ed4e8f-0f7e-f011-b4cb-000d3ae86fdc">
  <content>{
  "partialurl": "gcweb.flag-of-canada-leaf.png",
  "excludefromsearch": false,
  "hiddenfromsitemap": false,
  "contentdisposition": 756150000,
  "publishingstateid": "32d9e576-4b88-48c4-a562-23eb977dab0b",
  "parentpageid": "1c52619f-39b2-415b-9f0d-56789f1802bf"
}</content>
  <filecontent mimetype="image/png">gcweb.flag-of-canada-leaf.png</filecontent>
  <iscustomizable>1</iscustomizable>
  <name>gcweb.flag-of-canada-leaf.png</name>
  <powerpagecomponenttype>3</powerpagecomponenttype>
  <powerpagesiteid>
    <powerpagesiteid>0b1ed603-1b7e-4876-8ab0-511e0d5f07dc</powerpagesiteid>
  </powerpagesiteid>
  <statecode>0</statecode>
  <statuscode>1</statuscode>
</powerpagecomponent>