<powerpagecomponent powerpagecomponentid="4f3953f7-087d-f011-b4cb-6045bd5cc7a2">
  <content>{
  "description": "This setting enables or disables the contextual footer links section in the footer.",
  "value": "True",
  "source": 0
}</content>
  <iscustomizable>1</iscustomizable>
  <name>GCWeb/App/Footer/ContextualEnabled</name>
  <powerpagecomponenttype>9</powerpagecomponenttype>
  <powerpagesiteid>
    <powerpagesiteid>0b1ed603-1b7e-4876-8ab0-511e0d5f07dc</powerpagesiteid>
  </powerpagesiteid>
  <statecode>0</statecode>
  <statuscode>1</statuscode>
</powerpagecomponent>