<powerpagecomponent powerpagecomponentid="7539ff51-0a7e-f011-b4cb-000d3ae86fdc">
  <content>{
  "value": "Sign in",
  "display_name": "Sign In Text in EN",
  "type": 756150000
}</content>
  <iscustomizable>1</iscustomizable>
  <name>GCWeb/App/SignInText</name>
  <powerpagecomponenttype>7</powerpagecomponenttype>
  <powerpagesiteid>
    <powerpagesiteid>0b1ed603-1b7e-4876-8ab0-511e0d5f07dc</powerpagesiteid>
  </powerpagesiteid>
  <powerpagesitelanguageid>
    <powerpagesitelanguageid>479653ed-6561-4160-a081-e917bb73b148</powerpagesitelanguageid>
  </powerpagesitelanguageid>
  <statecode>0</statecode>
  <statuscode>1</statuscode>
</powerpagecomponent>