<powerpagecomponent powerpagecomponentid="b926a747-ccc7-4440-b4f0-399ef15b8727">
  <content>{
  "value": "{\"status\":\"enable\",\"selectedThemeId\":\"f21551a1-7244-432f-ad88-220609e070d3\",\"version\":\"V2\"}",
  "source": 0
}</content>
  <iscustomizable>1</iscustomizable>
  <name>ThemeFeature</name>
  <powerpagecomponenttype>9</powerpagecomponenttype>
  <powerpagesiteid>
    <powerpagesiteid>0b1ed603-1b7e-4876-8ab0-511e0d5f07dc</powerpagesiteid>
  </powerpagesiteid>
  <statecode>0</statecode>
  <statuscode>1</statuscode>
</powerpagecomponent>