<powerpagecomponent powerpagecomponentid="f1bfb5da-757d-f011-b4cb-000d3ae86fdc">
  <content>{
  "value": "yyyy-MM-dd",
  "source": 0,
  "description": "yyyy-MM-dd hh:mm tt"
}</content>
  <iscustomizable>1</iscustomizable>
  <name>DateTime/DateTimeFormat</name>
  <powerpagecomponenttype>9</powerpagecomponenttype>
  <powerpagesiteid>
    <powerpagesiteid>0b1ed603-1b7e-4876-8ab0-511e0d5f07dc</powerpagesiteid>
  </powerpagesiteid>
  <statecode>0</statecode>
  <statuscode>1</statuscode>
</powerpagecomponent>