<powerpagecomponent powerpagecomponentid="a8fd0b95-047f-47bf-83da-6a7d302ee1a4">
  <content>{"disablepagevalidation":false,"displayimageonly":false,"displayorder":1,"displaypagechildlinks":false,"openinnewwindow":false,"pageid":"1c52619f-39b2-415b-9f0d-56789f1802bf","publishingstateid":"32d9e576-4b88-48c4-a562-23eb977dab0b","robotsfollowlink":true,"weblinksetid":"914fde0d-8eb5-481e-a570-d6ede9b90fab"}</content>
  <iscustomizable>1</iscustomizable>
  <name>Home</name>
  <powerpagecomponenttype>5</powerpagecomponenttype>
  <powerpagesiteid>
    <powerpagesiteid>0b1ed603-1b7e-4876-8ab0-511e0d5f07dc</powerpagesiteid>
  </powerpagesiteid>
  <statecode>0</statecode>
  <statuscode>1</statuscode>
</powerpagecomponent>