<powerpagecomponent powerpagecomponentid="9fe9b56f-686d-49ca-b25b-c739b5fff734">
  <content>{"enabletracking":false,"excludefromsearch":false,"hiddenfromsitemap":false,"parentpageid":"1c52619f-39b2-415b-9f0d-56789f1802bf","partialurl":"Cat-PC.png","publishingstateid":"32d9e576-4b88-48c4-a562-23eb977dab0b"}</content>
  <filecontent mimetype="application/octet-stream">Cat-PC.png</filecontent>
  <iscustomizable>1</iscustomizable>
  <name>Cat-PC.png</name>
  <powerpagecomponenttype>3</powerpagecomponenttype>
  <powerpagesiteid>
    <powerpagesiteid>0b1ed603-1b7e-4876-8ab0-511e0d5f07dc</powerpagesiteid>
  </powerpagesiteid>
  <statecode>0</statecode>
  <statuscode>1</statuscode>
</powerpagecomponent>