<powerpagecomponent powerpagecomponentid="daec83d2-69ab-4a80-a5ee-75fce9d715ba">
  <content>{
  "enablerating": false,
  "enabletracking": false,
  "excludefromsearch": false,
  "hiddenfromsitemap": true,
  "isroot": true,
  "pagetemplateid": "dc604aad-7e11-44ca-8a0b-0c6bcb496eff",
  "parentpageid": "1c52619f-39b2-415b-9f0d-56789f1802bf",
  "partialurl": "search",
  "publishingstateid": "32d9e576-4b88-48c4-a562-23eb977dab0b",
  "sharedpageconfiguration": false,
  "feedbackpolicy": 756150000
}</content>
  <iscustomizable>1</iscustomizable>
  <name>Search</name>
  <powerpagecomponenttype>2</powerpagecomponenttype>
  <powerpagesiteid>
    <powerpagesiteid>0b1ed603-1b7e-4876-8ab0-511e0d5f07dc</powerpagesiteid>
  </powerpagesiteid>
  <searchcontent>Search</searchcontent>
  <statecode>0</statecode>
  <statuscode>1</statuscode>
</powerpagecomponent>