<powerpagecomponent powerpagecomponentid="2f98f7b7-e689-4720-be2f-833d8e222658">
  <content>{
  "description": "The Prefix entered here will be used to filter Notes Text, allowing you to control notes exposed on the Portal ex: *WEB*",
  "value": "*WEB*",
  "source": 0
}</content>
  <iscustomizable>1</iscustomizable>
  <name>KnowledgeManagement/NotesFilter</name>
  <powerpagecomponenttype>9</powerpagecomponenttype>
  <powerpagesiteid>
    <powerpagesiteid>0b1ed603-1b7e-4876-8ab0-511e0d5f07dc</powerpagesiteid>
  </powerpagesiteid>
  <statecode>0</statecode>
  <statuscode>1</statuscode>
</powerpagecomponent>