<powerpagecomponent powerpagecomponentid="77c6d3d2-0e7d-f011-b4cb-6045bd5cc7a2">
  <content>{
  "partialurl": "gcweb.app.common.css",
  "excludefromsearch": false,
  "hiddenfromsitemap": false,
  "contentdisposition": 756150000,
  "publishingstateid": "32d9e576-4b88-48c4-a562-23eb977dab0b",
  "parentpageid": "1c52619f-39b2-415b-9f0d-56789f1802bf",
  "displayorder": 9
}</content>
  <filecontent mimetype="text/css">gcweb.app.common.css</filecontent>
  <iscustomizable>1</iscustomizable>
  <name>gcweb.app.common.css</name>
  <powerpagecomponenttype>3</powerpagecomponenttype>
  <powerpagesiteid>
    <powerpagesiteid>0b1ed603-1b7e-4876-8ab0-511e0d5f07dc</powerpagesiteid>
  </powerpagesiteid>
  <statecode>0</statecode>
  <statuscode>1</statuscode>
</powerpagecomponent>