<powerpagecomponent powerpagecomponentid="2c84d6f5-51ee-499f-853d-b30bb75908ad">
  <content>{"displayorder":2,"enabletracking":false,"excludefromsearch":true,"hiddenfromsitemap":false,"parentpageid":"1c52619f-39b2-415b-9f0d-56789f1802bf","partialurl":"theme.css","publishingstateid":"32d9e576-4b88-48c4-a562-23eb977dab0b"}</content>
  <filecontent mimetype="application/octet-stream">theme.css</filecontent>
  <iscustomizable>1</iscustomizable>
  <name>theme.css</name>
  <powerpagecomponenttype>3</powerpagecomponenttype>
  <powerpagesiteid>
    <powerpagesiteid>0b1ed603-1b7e-4876-8ab0-511e0d5f07dc</powerpagesiteid>
  </powerpagesiteid>
  <statecode>0</statecode>
  <statuscode>1</statuscode>
</powerpagecomponent>