<powerpagecomponent powerpagecomponentid="2e202656-beaf-4f93-bd60-069b7a52938f">
  <content>{
  "value": "true",
  "source": 0
}</content>
  <iscustomizable>1</iscustomizable>
  <name>Authentication/Registration/OpenRegistrationEnabled</name>
  <powerpagecomponenttype>9</powerpagecomponenttype>
  <powerpagesiteid>
    <powerpagesiteid>0b1ed603-1b7e-4876-8ab0-511e0d5f07dc</powerpagesiteid>
  </powerpagesiteid>
  <statecode>0</statecode>
  <statuscode>1</statuscode>
</powerpagecomponent>