<powerpagecomponent powerpagecomponentid="a37d3176-d97e-f011-b4cb-000d3ae86fdc">
  <content>{"mimetype":"text/html","source":"{% extends 'GCWeb/App/Page/Default' %}\r\n\r\n{% block main %}\r\n  &lt;div class=\"search-container\"&gt;\r\n    {% assign page_size = 10 %}\r\n    {% assign current_page = request.params.page | default: 1 %}\r\n    {% if website.selected_language.code == \"en\" %}\r\n      {%- assign oText = \"of\" -%}\r\n      {%- assign rText = \"Results\" -%}\r\n      {%- assign rMessage = \"Try adjusting your search terms or browse our knowledge articles to find what you're looking for.\" -%}\r\n    {% else %}\r\n      {%- assign oText = \"sur\" -%}\r\n      {%- assign rText = \"résultats\" -%}\r\n      {%- assign rMessage = \"Essayez d'ajuster vos termes de recherche ou parcourez nos articles de connaissances pour trouver ce que vous cherchez.\" -%}\r\n    {% endif %}\r\n\r\n     {% assign rt = snippets[\"Search/ResultsTitle\"] %}\r\n    {% if rt %}\r\n      {% assign title = rt | liquid %}\r\n    {% else %}\r\n      {% assign title = page.title %}\r\n    {% endif %}\r\n    {% assign title = title | truncate: 115 %}\r\n\r\n    {% searchindex query: request.params.q, page: current_page, page_size: page_size %}\r\n      {% if searchindex.results.size &gt; 0 %}\r\n        &lt;div class=\"search-header\"&gt;\r\n          &lt;div class=\"search-query\"&gt;{{ title }}&lt;/div&gt;\r\n          {% assign rc = snippets[\"Search/ResultsCount\"] | liquid %}\r\n          &lt;p class=\"result-count\"&gt;{{ current_page }} - {{ page_size }} {{ oText }} {{ searchindex.approximate_total_hits }} {{ rText }}&lt;/p&gt;\r\n        &lt;/div&gt;\r\n\r\n        &lt;ul class=\"search-results\"&gt;\r\n          {% for result in searchindex.results %}\r\n          &lt;li class=\"search-result-item\"&gt;\r\n            &lt;h4 class=\"result-title\"&gt;\r\n              &lt;a class=\"result-link\" title=\"{{ result.title | escape }}\" href=\"{{ result.url | escape }}\"&gt;{{ result.title | escape }}&lt;/a&gt;\r\n            &lt;/h4&gt;\r\n            &lt;p class=\"fragment\"&gt;{{ result.fragment }}&lt;/p&gt;\r\n          &lt;/li&gt;\r\n          {% endfor %}\r\n        &lt;/ul&gt;\r\n\r\n        &lt;div class=\"pagination-container\"&gt;\r\n          {% include 'Pagination' current_page: searchindex.page, page_size: page_size, total: searchindex.approximate_total_hits %}\r\n        &lt;/div&gt;\r\n      {% else %}\r\n        &lt;div class=\"no-results-container\"&gt;\r\n          &lt;div class=\"no-results-icon\"&gt;🔍&lt;/div&gt;\r\n          &lt;h3 class=\"no-results-title\"&gt;{{ snippets[\"Search/NoResults\"] }}&lt;/h3&gt;\r\n          &lt;p class=\"no-results-message\"&gt;{{ rMessage }}&lt;/p&gt;\r\n        &lt;/div&gt;\r\n      {% endif %}\r\n    {% endsearchindex %}\r\n  &lt;/div&gt;\r\n{% endblock %}"}</content>
  <iscustomizable>1</iscustomizable>
  <name>GCWeb/App/Search/Results</name>
  <powerpagecomponenttype>8</powerpagecomponenttype>
  <powerpagesiteid>
    <powerpagesiteid>0b1ed603-1b7e-4876-8ab0-511e0d5f07dc</powerpagesiteid>
  </powerpagesiteid>
  <statecode>0</statecode>
  <statuscode>1</statuscode>
</powerpagecomponent>