<powerpagecomponent powerpagecomponentid="68cce8ac-8bfb-4e6e-909e-01ffb6045d3c">
  <content>{"source":"&lt;!-- The breadcrumb web template file should not be modified or deleted. This template is used by the standard,\nout-of-box breadcrumb component and it will not work if this file is changed. --&gt;\n\n{% assign title = title | default: page.title %}\n{% assign textTag = config.breadcrumb.tag | default: 'span' %}\n{% assign separator = config.breadcrumb.separator | default: '&gt;' %}\n{% assign homeAs = config.breadcrumb.home_as | default: 'text' %}\n{% assign textClass = config.breadcrumb.textClass | default: '' %}\n\n&lt;nav style=\"--bs-breadcrumb-divider: '{{separator}}';\" aria-label=\"breadcrumb\"&gt;\n  {% raw %}\n  &lt;style&gt;\n    .pagesBreadcrumb&gt;li+li:before { content:var(--bs-breadcrumb-divider)}\n  &lt;/style&gt;\n  {% endraw %}\n  &lt;ol class=\"breadcrumb pagesBreadcrumb\" style=\"display: flex; padding: 0px 15px;\"&gt;\n  {% for crumb in page.breadcrumbs -%}\n  {% if forloop.index == 1 %}\n    {% if homeAs == \"hidden\" %}\n    {% continue %}\n  {% endif %}\n    &lt;li class=\"breadcrumb-item\"&gt;\n      {% if homeAs == \"icon+text\" %}\n      &lt;{{textTag}} class=\"{{textClass}}\" style=\"display: inline-block; margin: 0px;\"&gt;\n        &lt;a href=\"{{ crumb.url | h }}\" title=\"{{ crumb.title | h }}\" class=\"anchor-inherit-styles\" style=\"color: inherit\"&gt;&lt;span class=\"fa fa-home\" aria-hidden=\"true\" style=\"margin-right: 4px\"&gt;&lt;/span&gt;{{crumb.title | truncate:24 | h }}&lt;/a&gt;\n      &lt;/{{textTag}}&gt;\n      {% elsif homeAs == \"icon\" %}\n      &lt;{{textTag}} class=\"{{textClass}}\" style=\"display: inline-block; margin: 0px;\"&gt;\n        &lt;a href=\"{{ crumb.url | h }}\" title=\"{{ crumb.title | h }}\" class=\"anchor-inherit-styles\" style=\"color: inherit\"&gt;&lt;span class=\"fa fa-home\" aria-hidden=\"true\"&gt;&lt;/span&gt;&lt;/a&gt;\n      &lt;/{{textTag}}&gt;\n      {% else %}\n      &lt;{{textTag}} class=\"{{textClass}}\" style=\"display: inline-block; margin: 0px;\"&gt;\n        &lt;a href=\"{{ crumb.url | h }}\" title=\"{{ crumb.title | h }}\" class=\"anchor-inherit-styles\" style=\"color: inherit\"&gt;{{ crumb.title | truncate: 24 | h }}&lt;/a&gt;\n      &lt;/{{textTag}}&gt;\n      {% endif %}\n    &lt;/li&gt;\n    {% else %}\n    &lt;li class=\"breadcrumb-item\" style=\"display: flex; align-items: center;\"&gt;\n      &lt;{{textTag}} class=\"{{textClass}}\" style=\"display: inline-block; margin: 0px;\"&gt;\n        &lt;a href=\"{{ crumb.url | h }}\" title=\"{{ crumb.title | h }}\" class=\"anchor-inherit-styles\" style=\"color: inherit\"&gt;{{ crumb.title | truncate: 24 | h }} &lt;/a&gt;\n      &lt;/{{textTag}}&gt;\n    &lt;/li&gt;\n    {% endif %}\n    {% endfor -%}\n\n    &lt;!-- For last node in the breadcrumb (active page) --&gt;\n    &lt;li class=\"breadcrumb-item active\" style=\"display: flex; align-items: center;\" aria-current=\"{{title | h}}\"&gt;\n      &lt;{{textTag}} class=\"{{textClass}}\" style=\"display: inline-block; margin: 0px;\"&gt;\n        {% if page.breadcrumbs.size == 0 %}\n        &lt;!-- Home page --&gt;\n            {% if homeAs == \"icon+text\" %}\n            &lt;span class=\"fa fa-home\" aria-hidden=\"true\" style=\"margin-right: 4px\"&gt;&lt;/span&gt;{{title | h }}\n            {% elsif homeAs == \"icon\" %}\n            &lt;span class=\"fa fa-home\" aria-hidden=\"true\"&gt;&lt;/span&gt;\n            {% elsif homeAs != \"hidden\" %}\n            {{ title | h }}\n            {% endif %}\n        {% else %}\n            {% block activebreadcrumb %}{{ title | h }}{% endblock %}\n        {% endif %}\n      &lt;/{{textTag}}&gt;\n    &lt;/li&gt;\n  &lt;/ol&gt;\n&lt;/nav&gt;"}</content>
  <iscustomizable>1</iscustomizable>
  <name>Pages Breadcrumb</name>
  <powerpagecomponenttype>8</powerpagecomponenttype>
  <powerpagesiteid>
    <powerpagesiteid>0b1ed603-1b7e-4876-8ab0-511e0d5f07dc</powerpagesiteid>
  </powerpagesiteid>
  <statecode>0</statecode>
  <statuscode>1</statuscode>
</powerpagecomponent>