<powerpagecomponent powerpagecomponentid="e25930af-a150-44e5-9836-a92674bb7569">
  <content>{
  "description": "Denies use of the portal to minors. By default, it is set to false.",
  "value": "false",
  "source": 0
}</content>
  <iscustomizable>1</iscustomizable>
  <name>Authentication/Registration/DenyMinors</name>
  <powerpagecomponenttype>9</powerpagecomponenttype>
  <powerpagesiteid>
    <powerpagesiteid>0b1ed603-1b7e-4876-8ab0-511e0d5f07dc</powerpagesiteid>
  </powerpagesiteid>
  <statecode>0</statecode>
  <statuscode>1</statuscode>
</powerpagecomponent>