<powerpagecomponent powerpagecomponentid="6b64a856-cd5c-4640-b27e-7035d49e24fe">
  <content>{
  "description": "Set whether the header web template is output cached.",
  "value": "True",
  "source": 0
}</content>
  <iscustomizable>1</iscustomizable>
  <name>Header/OutputCache/Enabled</name>
  <powerpagecomponenttype>9</powerpagecomponenttype>
  <powerpagesiteid>
    <powerpagesiteid>0b1ed603-1b7e-4876-8ab0-511e0d5f07dc</powerpagesiteid>
  </powerpagesiteid>
  <statecode>0</statecode>
  <statuscode>1</statuscode>
</powerpagecomponent>