<powerpagecomponent powerpagecomponentid="2b791b90-a87b-f011-b4cc-000d3af38d32">
  <content>{
  "display_name": "Search/Results Count",
  "value": "{{ current_page }} - {{ page_size }} sur {{ searchindex.approximate_total_hits }} résultats",
  "type": 756150000
}</content>
  <iscustomizable>1</iscustomizable>
  <name>Search/ResultsCount</name>
  <powerpagecomponenttype>7</powerpagecomponenttype>
  <powerpagesiteid>
    <powerpagesiteid>0b1ed603-1b7e-4876-8ab0-511e0d5f07dc</powerpagesiteid>
  </powerpagesiteid>
  <powerpagesitelanguageid>
    <powerpagesitelanguageid>fba5eb7d-a87b-f011-b4cc-000d3ae86a1f</powerpagesitelanguageid>
  </powerpagesitelanguageid>
  <statecode>0</statecode>
  <statuscode>1</statuscode>
</powerpagecomponent>