<powerpagecomponent powerpagecomponentid="18cbf707-ae7b-f011-b4cc-000d3ae86a1f">
  <content>{"mimetype":"text/html","source":"{%- assign cdtsVersion = settings['GCWeb/App/Version'] | default:\"v5_0_4\"-%}\r\n{%- assign cdtsTemplatesUrl = settings['GCWeb/App/BaseURL'] | default:\"https://www.canada.ca/etc/designs/canada/cdts/gcweb/\" -%}\r\n\r\n\r\n&lt;link type=\"text/css\" rel=\"stylesheet\" href=\"{{- cdtsTemplatesUrl -}}{{- cdtsVersion -}}/cdts/cdts-app-styles.css\"&gt;\r\n&lt;link type=\"image/x-icon\" rel=\"icon\" href=\"{{- cdtsTemplatesUrl -}}{{- cdtsVersion -}}/wet-boew/assets/favicon.ico\" &gt;\r\n&lt;script\r\n    src=\"https://code.jquery.com/jquery-3.7.1.min.js\"\r\n    type=\"text/javascript\"\r\n    onload=\"window.jQuery_3_7_1 = jQuery.noConflict(true);\"\r\n    onerror=\"javascript: \r\n        var script = document.createElement('script'); \r\n        script.crossOrigin = event.target.crossOrigin; \r\n        script.src = '/jquery-3.7.1.min.js';\r\n        script.type = 'text/javascript'; \r\n        script.onload = function() { \r\n            window.jQuery_3_7_1 = jQuery.noConflict(true); \r\n        }; \r\n        event.target.parentNode.insertBefore(script, event.target.nextSibling);\"&gt;\r\n&lt;/script&gt;\r\n\r\n&lt;!-- Local Scripts--&gt;\r\n&lt;script type=\"text/javascript\" src=\"/gcweb.app.common.js?{{- now | date:'yyyyMMddHHmmss' -}}\"&gt;&lt;/script&gt;"}</content>
  <iscustomizable>1</iscustomizable>
  <name>Website/Head/Bottom/Template</name>
  <powerpagecomponenttype>8</powerpagecomponenttype>
  <powerpagesiteid>
    <powerpagesiteid>0b1ed603-1b7e-4876-8ab0-511e0d5f07dc</powerpagesiteid>
  </powerpagesiteid>
  <statecode>0</statecode>
  <statuscode>1</statuscode>
</powerpagecomponent>