<powerpagecomponent powerpagecomponentid="d7393a17-f26e-461a-b6ff-43ded6767063">
  <content>{
  "source": "&lt;!-- Default studio template. Please do not modify --&gt;\r\n&lt;div id=\"mainContent\" class=\"wrapper-body\" role=\"main\"&gt;\r\n    &lt;div class=\"page-copy\"&gt;\r\n      {% editable page 'adx_copy' type: 'html', liquid: true %}\r\n    &lt;/div&gt;\r\n&lt;/div&gt;",
  "mimetype": "text/html"
}</content>
  <iscustomizable>1</iscustomizable>
  <name>Default studio template</name>
  <powerpagecomponenttype>8</powerpagecomponenttype>
  <powerpagesiteid>
    <powerpagesiteid>0b1ed603-1b7e-4876-8ab0-511e0d5f07dc</powerpagesiteid>
  </powerpagesiteid>
  <statecode>0</statecode>
  <statuscode>1</statuscode>
</powerpagecomponent>