<powerpagecomponent powerpagecomponentid="c5618f72-366f-4adf-9ced-9ee9e39b5af3">
  <content>{"display_name":"Search/Results Title","value":"Results for {{ request.params.q }}"}</content>
  <iscustomizable>1</iscustomizable>
  <name>Search/ResultsTitle</name>
  <powerpagecomponenttype>7</powerpagecomponenttype>
  <powerpagesiteid>
    <powerpagesiteid>0b1ed603-1b7e-4876-8ab0-511e0d5f07dc</powerpagesiteid>
  </powerpagesiteid>
  <powerpagesitelanguageid>
    <powerpagesitelanguageid>479653ed-6561-4160-a081-e917bb73b148</powerpagesitelanguageid>
  </powerpagesitelanguageid>
  <statecode>0</statecode>
  <statuscode>1</statuscode>
</powerpagecomponent>