<powerpagecomponent powerpagecomponentid="1f522bf6-fbd6-45ca-88f7-e02e4ab83503">
  <content>{
  "description": "Enabling this setting will show all customer activity on the portal timeline.",
  "value": "false",
  "source": 0
}</content>
  <iscustomizable>1</iscustomizable>
  <name>CustomerSupport/DisplayAllUserActivitiesOnTimeline</name>
  <powerpagecomponenttype>9</powerpagecomponenttype>
  <powerpagesiteid>
    <powerpagesiteid>0b1ed603-1b7e-4876-8ab0-511e0d5f07dc</powerpagesiteid>
  </powerpagesiteid>
  <statecode>0</statecode>
  <statuscode>1</statuscode>
</powerpagecomponent>