<powerpagecomponent powerpagecomponentid="ed38dc3a-0e7e-f011-b4cb-000d3ae86fdc">
  <content>{
  "value": "False",
  "source": 0,
  "description": "After enabling this feature, pages will no longer be visible in the Power Pages design studio for configuration. As an alternative, you can use the Portal Code Editor tool from XrmToolBox to configure forms, lists, and webforms through liquid tags."
}</content>
  <iscustomizable>1</iscustomizable>
  <name>GCWeb/App/ThrobberEnabled</name>
  <powerpagecomponenttype>9</powerpagecomponenttype>
  <powerpagesiteid>
    <powerpagesiteid>0b1ed603-1b7e-4876-8ab0-511e0d5f07dc</powerpagesiteid>
  </powerpagesiteid>
  <statecode>0</statecode>
  <statuscode>1</statuscode>
</powerpagecomponent>