<powerpagecomponent powerpagecomponentid="16bfee11-0d7d-f011-b4cb-6045bd5cc7a2">
  <content>{
  "display_name": "Application Template Sub Footer Links in FR",
  "value": "&lt;li&gt;\r\n\t&lt;a href=\"https://www.canada.ca/en/transparency/terms.html\" target=\"_blank\" rel=\"noopener\"&gt;\r\n\t\tAvis\r\n\t\t&lt;span class=\"wb-inv\"&gt;Ce lien ouvrira dans une nouvelle fenêtre&lt;/span&gt;\r\n\t&lt;/a&gt;\r\n&lt;/li&gt;\r\n&lt;li&gt;\r\n\t&lt;a href=\"https://www.canada.ca/en/transparency/privacy.html\" target=\"_blank\" rel=\"noopener\"&gt;\r\n\t\tConfidentialité\r\n\t\t&lt;span class=\"wb-inv\"&gt;Ce lien ouvrira dans une nouvelle fenêtre&lt;/span&gt;\r\n\t&lt;/a&gt;\r\n&lt;/li&gt;",
  "type": 756150001
}</content>
  <iscustomizable>1</iscustomizable>
  <name>GCWeb/App/Footer/Sublinks</name>
  <powerpagecomponenttype>7</powerpagecomponenttype>
  <powerpagesiteid>
    <powerpagesiteid>0b1ed603-1b7e-4876-8ab0-511e0d5f07dc</powerpagesiteid>
  </powerpagesiteid>
  <powerpagesitelanguageid>
    <powerpagesitelanguageid>fba5eb7d-a87b-f011-b4cc-000d3ae86a1f</powerpagesitelanguageid>
  </powerpagesitelanguageid>
  <statecode>0</statecode>
  <statuscode>1</statuscode>
</powerpagecomponent>