<powerpagecomponent powerpagecomponentid="80afd20e-5a7d-f011-b4cb-000d3ae86fdc">
  <content>{"mimetype":"text/html","source":"&lt;div class=\"page-header container\"&gt;\r\n    &lt;h1 property=\"name\" id=\"wb-cont\"&gt;{% editable page 'adx_title' type: 'html', liquid: true %}&lt;/h1&gt;\r\n&lt;/div&gt;"}</content>
  <iscustomizable>1</iscustomizable>
  <name>GCWeb/App/Page/Title</name>
  <powerpagecomponenttype>8</powerpagecomponenttype>
  <powerpagesiteid>
    <powerpagesiteid>0b1ed603-1b7e-4876-8ab0-511e0d5f07dc</powerpagesiteid>
  </powerpagesiteid>
  <statecode>0</statecode>
  <statuscode>1</statuscode>
</powerpagecomponent>