<powerpagecomponent powerpagecomponentid="020e990e-0b7d-f011-b4cb-6045bd5cc7a2">
  <content>{
  "display_name": "Application Name in EN",
  "value": "Application Name",
  "type": 756150000
}</content>
  <iscustomizable>1</iscustomizable>
  <name>GCWeb/App/Name</name>
  <powerpagecomponenttype>7</powerpagecomponenttype>
  <powerpagesiteid>
    <powerpagesiteid>0b1ed603-1b7e-4876-8ab0-511e0d5f07dc</powerpagesiteid>
  </powerpagesiteid>
  <powerpagesitelanguageid>
    <powerpagesitelanguageid>479653ed-6561-4160-a081-e917bb73b148</powerpagesitelanguageid>
  </powerpagesitelanguageid>
  <statecode>0</statecode>
  <statuscode>1</statuscode>
</powerpagecomponent>