<powerpagecomponent powerpagecomponentid="879f8ef0-1a39-4539-8c3b-9a3a324da315">
  <content>{
  "description": "Sets whether or not the portal can redirect the user to the profile page after successful sign-in. By default, it is set to true.",
  "value": "true",
  "source": 0
}</content>
  <iscustomizable>1</iscustomizable>
  <name>Authentication/Registration/ProfileRedirectEnabled</name>
  <powerpagecomponenttype>9</powerpagecomponenttype>
  <powerpagesiteid>
    <powerpagesiteid>0b1ed603-1b7e-4876-8ab0-511e0d5f07dc</powerpagesiteid>
  </powerpagesiteid>
  <statecode>0</statecode>
  <statuscode>1</statuscode>
</powerpagecomponent>