<powerpagecomponent powerpagecomponentid="aa96d918-c351-4a9d-a3c3-c7e6b59a9c1a">
  <content>{
  "managecontentsnippets": false,
  "managesitemarkers": false,
  "manageweblinksets": false,
  "previewunpublishedentities": true
}</content>
  <iscustomizable>1</iscustomizable>
  <name>Preview permission for Blank Template</name>
  <powerpagecomponenttype>12</powerpagecomponenttype>
  <powerpagesiteid>
    <powerpagesiteid>0b1ed603-1b7e-4876-8ab0-511e0d5f07dc</powerpagesiteid>
  </powerpagesiteid>
  <statecode>0</statecode>
  <statuscode>1</statuscode>
</powerpagecomponent>